Time,Source IP,Destination IP,Protocol,Packet Length
"""Jun 13"," 2025 12:04:45.770865000 IST""","""172.19.0.3""","""172.19.0.2""","""TCP""","""80"""
"""Jun 13"," 2025 12:04:45.770877000 IST""","""172.19.0.3""","""172.19.0.2""","""TCP""","""80"""
"""Jun 13"," 2025 12:04:45.771004000 IST""","""172.19.0.2""","""172.19.0.3""","""TCP""","""80"""
"""Jun 13"," 2025 12:04:45.771006000 IST""","""172.19.0.2""","""172.19.0.3""","""TCP""","""80"""
"""Jun 13"," 2025 12:04:45.771039000 IST""","""172.19.0.3""","""172.19.0.2""","""TCP""","""72"""
"""Jun 13"," 2025 12:04:45.771041000 IST""","""172.19.0.3""","""172.19.0.2""","""TCP""","""72"""
"""Jun 13"," 2025 12:04:45.771158000 IST""","""172.19.0.3""","""172.19.0.2""","""HTTP""","""160"""
"""Jun 13"," 2025 12:04:45.771160000 IST""","""172.19.0.3""","""172.19.0.2""","""TCP""","""160"""
"""Jun 13"," 2025 12:04:45.771176000 IST""","""172.19.0.2""","""172.19.0.3""","""TCP""","""72"""
"""Jun 13"," 2025 12:04:45.771177000 IST""","""172.19.0.2""","""172.19.0.3""","""TCP""","""72"""
"""Jun 13"," 2025 12:04:46.548540000 IST""","""172.19.0.2""","""172.19.0.3""","""TCP""","""238"""
"""Jun 13"," 2025 12:04:46.548554000 IST""","""172.19.0.2""","""172.19.0.3""","""TCP""","""238"""
"""Jun 13"," 2025 12:04:46.548609000 IST""","""172.19.0.3""","""172.19.0.2""","""TCP""","""72"""
"""Jun 13"," 2025 12:04:46.548611000 IST""","""172.19.0.3""","""172.19.0.2""","""TCP""","""72"""
"""Jun 13"," 2025 12:04:46.548664000 IST""","""172.19.0.2""","""172.19.0.3""","""HTTP/JSON""","""96"""
"""Jun 13"," 2025 12:04:46.548665000 IST""","""172.19.0.2""","""172.19.0.3""","""TCP""","""96"""
"""Jun 13"," 2025 12:04:46.548677000 IST""","""172.19.0.3""","""172.19.0.2""","""TCP""","""72"""
"""Jun 13"," 2025 12:04:46.548679000 IST""","""172.19.0.3""","""172.19.0.2""","""TCP""","""72"""
"""Jun 13"," 2025 12:04:46.549113000 IST""","""172.19.0.3""","""172.19.0.2""","""TCP""","""80"""
"""Jun 13"," 2025 12:04:46.549137000 IST""","""172.19.0.3""","""172.19.0.2""","""TCP""","""80"""
"""Jun 13"," 2025 12:04:46.549214000 IST""","""172.19.0.2""","""172.19.0.3""","""TCP""","""80"""
"""Jun 13"," 2025 12:04:46.549217000 IST""","""172.19.0.2""","""172.19.0.3""","""TCP""","""80"""
"""Jun 13"," 2025 12:04:46.549259000 IST""","""172.19.0.3""","""172.19.0.2""","""TCP""","""72"""
"""Jun 13"," 2025 12:04:46.549261000 IST""","""172.19.0.3""","""172.19.0.2""","""TCP""","""72"""
"""Jun 13"," 2025 12:04:46.549606000 IST""","""172.19.0.3""","""172.19.0.2""","""TCP""","""80"""
"""Jun 13"," 2025 12:04:46.549612000 IST""","""172.19.0.3""","""172.19.0.2""","""TCP""","""80"""
"""Jun 13"," 2025 12:04:46.549656000 IST""","""172.19.0.2""","""172.19.0.3""","""TCP""","""80"""
"""Jun 13"," 2025 12:04:46.549657000 IST""","""172.19.0.2""","""172.19.0.3""","""TCP""","""80"""
"""Jun 13"," 2025 12:04:46.549686000 IST""","""172.19.0.3""","""172.19.0.2""","""TCP""","""72"""
"""Jun 13"," 2025 12:04:46.549688000 IST""","""172.19.0.3""","""172.19.0.2""","""TCP""","""72"""
"""Jun 13"," 2025 12:04:46.549821000 IST""","""172.19.0.3""","""172.19.0.2""","""TCP""","""80"""
"""Jun 13"," 2025 12:04:46.549822000 IST""","""172.19.0.3""","""172.19.0.2""","""TCP""","""80"""
"""Jun 13"," 2025 12:04:46.549838000 IST""","""172.19.0.2""","""172.19.0.3""","""TCP""","""80"""
"""Jun 13"," 2025 12:04:46.549839000 IST""","""172.19.0.2""","""172.19.0.3""","""TCP""","""80"""
"""Jun 13"," 2025 12:04:46.549851000 IST""","""172.19.0.3""","""172.19.0.2""","""TCP""","""72"""
"""Jun 13"," 2025 12:04:46.549852000 IST""","""172.19.0.3""","""172.19.0.2""","""TCP""","""72"""
"""Jun 13"," 2025 12:04:46.549903000 IST""","""172.19.0.3""","""172.19.0.2""","""TCP""","""80"""
"""Jun 13"," 2025 12:04:46.549904000 IST""","""172.19.0.3""","""172.19.0.2""","""TCP""","""80"""
"""Jun 13"," 2025 12:04:46.549917000 IST""","""172.19.0.2""","""172.19.0.3""","""TCP""","""80"""
"""Jun 13"," 2025 12:04:46.549918000 IST""","""172.19.0.2""","""172.19.0.3""","""TCP""","""80"""
"""Jun 13"," 2025 12:04:46.549929000 IST""","""172.19.0.3""","""172.19.0.2""","""TCP""","""72"""
"""Jun 13"," 2025 12:04:46.549929000 IST""","""172.19.0.3""","""172.19.0.2""","""TCP""","""72"""
"""Jun 13"," 2025 12:04:46.549978000 IST""","""172.19.0.3""","""172.19.0.2""","""TCP""","""80"""
"""Jun 13"," 2025 12:04:46.549979000 IST""","""172.19.0.3""","""172.19.0.2""","""TCP""","""80"""
"""Jun 13"," 2025 12:04:46.549992000 IST""","""172.19.0.2""","""172.19.0.3""","""TCP""","""80"""
"""Jun 13"," 2025 12:04:46.549993000 IST""","""172.19.0.2""","""172.19.0.3""","""TCP""","""80"""
"""Jun 13"," 2025 12:04:46.550003000 IST""","""172.19.0.3""","""172.19.0.2""","""TCP""","""72"""
"""Jun 13"," 2025 12:04:46.550004000 IST""","""172.19.0.3""","""172.19.0.2""","""TCP""","""72"""
"""Jun 13"," 2025 12:04:46.550050000 IST""","""172.19.0.3""","""172.19.0.2""","""TCP""","""80"""
"""Jun 13"," 2025 12:04:46.550051000 IST""","""172.19.0.3""","""172.19.0.2""","""TCP""","""80"""
"""Jun 13"," 2025 12:04:46.550063000 IST""","""172.19.0.2""","""172.19.0.3""","""TCP""","""80"""
"""Jun 13"," 2025 12:04:46.550064000 IST""","""172.19.0.2""","""172.19.0.3""","""TCP""","""80"""
"""Jun 13"," 2025 12:04:46.550074000 IST""","""172.19.0.3""","""172.19.0.2""","""TCP""","""72"""
"""Jun 13"," 2025 12:04:46.550075000 IST""","""172.19.0.3""","""172.19.0.2""","""TCP""","""72"""
"""Jun 13"," 2025 12:04:46.550122000 IST""","""172.19.0.3""","""172.19.0.2""","""TCP""","""80"""
"""Jun 13"," 2025 12:04:46.550123000 IST""","""172.19.0.3""","""172.19.0.2""","""TCP""","""80"""
"""Jun 13"," 2025 12:04:46.550136000 IST""","""172.19.0.2""","""172.19.0.3""","""TCP""","""80"""
"""Jun 13"," 2025 12:04:46.550137000 IST""","""172.19.0.2""","""172.19.0.3""","""TCP""","""80"""
"""Jun 13"," 2025 12:04:46.550148000 IST""","""172.19.0.3""","""172.19.0.2""","""TCP""","""72"""
"""Jun 13"," 2025 12:04:46.550149000 IST""","""172.19.0.3""","""172.19.0.2""","""TCP""","""72"""
"""Jun 13"," 2025 12:04:46.550213000 IST""","""172.19.0.3""","""172.19.0.2""","""TCP""","""80"""
"""Jun 13"," 2025 12:04:46.550215000 IST""","""172.19.0.3""","""172.19.0.2""","""TCP""","""80"""
"""Jun 13"," 2025 12:04:46.550228000 IST""","""172.19.0.2""","""172.19.0.3""","""TCP""","""80"""
"""Jun 13"," 2025 12:04:46.550229000 IST""","""172.19.0.2""","""172.19.0.3""","""TCP""","""80"""
"""Jun 13"," 2025 12:04:46.550240000 IST""","""172.19.0.3""","""172.19.0.2""","""TCP""","""72"""
"""Jun 13"," 2025 12:04:46.550241000 IST""","""172.19.0.3""","""172.19.0.2""","""TCP""","""72"""
"""Jun 13"," 2025 12:04:46.550292000 IST""","""172.19.0.3""","""172.19.0.2""","""TCP""","""80"""
"""Jun 13"," 2025 12:04:46.550294000 IST""","""172.19.0.3""","""172.19.0.2""","""TCP""","""80"""
"""Jun 13"," 2025 12:04:46.550306000 IST""","""172.19.0.2""","""172.19.0.3""","""TCP""","""80"""
"""Jun 13"," 2025 12:04:46.550308000 IST""","""172.19.0.2""","""172.19.0.3""","""TCP""","""80"""
"""Jun 13"," 2025 12:04:46.550318000 IST""","""172.19.0.3""","""172.19.0.2""","""TCP""","""72"""
"""Jun 13"," 2025 12:04:46.550319000 IST""","""172.19.0.3""","""172.19.0.2""","""TCP""","""72"""
"""Jun 13"," 2025 12:04:46.550408000 IST""","""172.19.0.3""","""172.19.0.2""","""TCP""","""80"""
"""Jun 13"," 2025 12:04:46.550409000 IST""","""172.19.0.3""","""172.19.0.2""","""TCP""","""80"""
"""Jun 13"," 2025 12:04:46.550421000 IST""","""172.19.0.2""","""172.19.0.3""","""TCP""","""80"""
"""Jun 13"," 2025 12:04:46.550422000 IST""","""172.19.0.2""","""172.19.0.3""","""TCP""","""80"""
"""Jun 13"," 2025 12:04:46.550433000 IST""","""172.19.0.3""","""172.19.0.2""","""TCP""","""72"""
"""Jun 13"," 2025 12:04:46.550434000 IST""","""172.19.0.3""","""172.19.0.2""","""TCP""","""72"""
"""Jun 13"," 2025 12:04:46.550481000 IST""","""172.19.0.3""","""172.19.0.2""","""TCP""","""80"""
"""Jun 13"," 2025 12:04:46.550482000 IST""","""172.19.0.3""","""172.19.0.2""","""TCP""","""80"""
"""Jun 13"," 2025 12:04:46.550494000 IST""","""172.19.0.2""","""172.19.0.3""","""TCP""","""80"""
"""Jun 13"," 2025 12:04:46.550495000 IST""","""172.19.0.2""","""172.19.0.3""","""TCP""","""80"""
"""Jun 13"," 2025 12:04:46.550505000 IST""","""172.19.0.3""","""172.19.0.2""","""TCP""","""72"""
"""Jun 13"," 2025 12:04:46.550506000 IST""","""172.19.0.3""","""172.19.0.2""","""TCP""","""72"""
"""Jun 13"," 2025 12:04:46.550555000 IST""","""172.19.0.3""","""172.19.0.2""","""TCP""","""80"""
"""Jun 13"," 2025 12:04:46.550556000 IST""","""172.19.0.3""","""172.19.0.2""","""TCP""","""80"""
"""Jun 13"," 2025 12:04:46.550569000 IST""","""172.19.0.2""","""172.19.0.3""","""TCP""","""80"""
"""Jun 13"," 2025 12:04:46.550570000 IST""","""172.19.0.2""","""172.19.0.3""","""TCP""","""80"""
"""Jun 13"," 2025 12:04:46.550580000 IST""","""172.19.0.3""","""172.19.0.2""","""TCP""","""72"""
"""Jun 13"," 2025 12:04:46.550581000 IST""","""172.19.0.3""","""172.19.0.2""","""TCP""","""72"""
"""Jun 13"," 2025 12:04:46.550628000 IST""","""172.19.0.3""","""172.19.0.2""","""TCP""","""80"""
"""Jun 13"," 2025 12:04:46.550629000 IST""","""172.19.0.3""","""172.19.0.2""","""TCP""","""80"""
"""Jun 13"," 2025 12:04:46.550641000 IST""","""172.19.0.2""","""172.19.0.3""","""TCP""","""80"""
"""Jun 13"," 2025 12:04:46.550642000 IST""","""172.19.0.2""","""172.19.0.3""","""TCP""","""80"""
"""Jun 13"," 2025 12:04:46.550652000 IST""","""172.19.0.3""","""172.19.0.2""","""TCP""","""72"""
"""Jun 13"," 2025 12:04:46.550653000 IST""","""172.19.0.3""","""172.19.0.2""","""TCP""","""72"""
"""Jun 13"," 2025 12:04:46.550702000 IST""","""172.19.0.3""","""172.19.0.2""","""TCP""","""80"""
"""Jun 13"," 2025 12:04:46.550703000 IST""","""172.19.0.3""","""172.19.0.2""","""TCP""","""80"""
"""Jun 13"," 2025 12:04:46.550715000 IST""","""172.19.0.2""","""172.19.0.3""","""TCP""","""80"""
"""Jun 13"," 2025 12:04:46.550716000 IST""","""172.19.0.2""","""172.19.0.3""","""TCP""","""80"""
"""Jun 13"," 2025 12:04:46.550726000 IST""","""172.19.0.3""","""172.19.0.2""","""TCP""","""72"""
"""Jun 13"," 2025 12:04:46.550727000 IST""","""172.19.0.3""","""172.19.0.2""","""TCP""","""72"""
"""Jun 13"," 2025 12:04:46.550774000 IST""","""172.19.0.3""","""172.19.0.2""","""TCP""","""80"""
"""Jun 13"," 2025 12:04:46.550775000 IST""","""172.19.0.3""","""172.19.0.2""","""TCP""","""80"""
"""Jun 13"," 2025 12:04:46.550788000 IST""","""172.19.0.2""","""172.19.0.3""","""TCP""","""80"""
"""Jun 13"," 2025 12:04:46.550789000 IST""","""172.19.0.2""","""172.19.0.3""","""TCP""","""80"""
"""Jun 13"," 2025 12:04:46.550799000 IST""","""172.19.0.3""","""172.19.0.2""","""TCP""","""72"""
"""Jun 13"," 2025 12:04:46.550800000 IST""","""172.19.0.3""","""172.19.0.2""","""TCP""","""72"""
"""Jun 13"," 2025 12:04:46.550857000 IST""","""172.19.0.3""","""172.19.0.2""","""TCP""","""80"""
"""Jun 13"," 2025 12:04:46.550858000 IST""","""172.19.0.3""","""172.19.0.2""","""TCP""","""80"""
"""Jun 13"," 2025 12:04:46.550871000 IST""","""172.19.0.2""","""172.19.0.3""","""TCP""","""80"""
"""Jun 13"," 2025 12:04:46.550872000 IST""","""172.19.0.2""","""172.19.0.3""","""TCP""","""80"""
"""Jun 13"," 2025 12:04:46.550882000 IST""","""172.19.0.3""","""172.19.0.2""","""TCP""","""72"""
"""Jun 13"," 2025 12:04:46.550883000 IST""","""172.19.0.3""","""172.19.0.2""","""TCP""","""72"""
"""Jun 13"," 2025 12:04:46.550929000 IST""","""172.19.0.3""","""172.19.0.2""","""TCP""","""80"""
"""Jun 13"," 2025 12:04:46.550931000 IST""","""172.19.0.3""","""172.19.0.2""","""TCP""","""80"""
"""Jun 13"," 2025 12:04:46.550943000 IST""","""172.19.0.2""","""172.19.0.3""","""TCP""","""80"""
"""Jun 13"," 2025 12:04:46.550944000 IST""","""172.19.0.2""","""172.19.0.3""","""TCP""","""80"""
"""Jun 13"," 2025 12:04:46.550954000 IST""","""172.19.0.3""","""172.19.0.2""","""TCP""","""72"""
"""Jun 13"," 2025 12:04:46.550955000 IST""","""172.19.0.3""","""172.19.0.2""","""TCP""","""72"""
"""Jun 13"," 2025 12:04:46.551001000 IST""","""172.19.0.3""","""172.19.0.2""","""TCP""","""80"""
"""Jun 13"," 2025 12:04:46.551002000 IST""","""172.19.0.3""","""172.19.0.2""","""TCP""","""80"""
"""Jun 13"," 2025 12:04:46.551014000 IST""","""172.19.0.2""","""172.19.0.3""","""TCP""","""80"""
"""Jun 13"," 2025 12:04:46.551015000 IST""","""172.19.0.2""","""172.19.0.3""","""TCP""","""80"""
"""Jun 13"," 2025 12:04:46.551025000 IST""","""172.19.0.3""","""172.19.0.2""","""TCP""","""72"""
"""Jun 13"," 2025 12:04:46.551026000 IST""","""172.19.0.3""","""172.19.0.2""","""TCP""","""72"""
"""Jun 13"," 2025 12:04:46.551074000 IST""","""172.19.0.3""","""172.19.0.2""","""TCP""","""80"""
"""Jun 13"," 2025 12:04:46.551075000 IST""","""172.19.0.3""","""172.19.0.2""","""TCP""","""80"""
"""Jun 13"," 2025 12:04:46.551087000 IST""","""172.19.0.2""","""172.19.0.3""","""TCP""","""80"""
"""Jun 13"," 2025 12:04:46.551088000 IST""","""172.19.0.2""","""172.19.0.3""","""TCP""","""80"""
"""Jun 13"," 2025 12:04:46.551098000 IST""","""172.19.0.3""","""172.19.0.2""","""TCP""","""72"""
"""Jun 13"," 2025 12:04:46.551099000 IST""","""172.19.0.3""","""172.19.0.2""","""TCP""","""72"""
"""Jun 13"," 2025 12:04:46.551145000 IST""","""172.19.0.3""","""172.19.0.2""","""TCP""","""80"""
"""Jun 13"," 2025 12:04:46.551146000 IST""","""172.19.0.3""","""172.19.0.2""","""TCP""","""80"""
"""Jun 13"," 2025 12:04:46.551158000 IST""","""172.19.0.2""","""172.19.0.3""","""TCP""","""80"""
"""Jun 13"," 2025 12:04:46.551159000 IST""","""172.19.0.2""","""172.19.0.3""","""TCP""","""80"""
"""Jun 13"," 2025 12:04:46.551170000 IST""","""172.19.0.3""","""172.19.0.2""","""TCP""","""72"""
"""Jun 13"," 2025 12:04:46.551171000 IST""","""172.19.0.3""","""172.19.0.2""","""TCP""","""72"""
"""Jun 13"," 2025 12:04:46.551234000 IST""","""172.19.0.3""","""172.19.0.2""","""TCP""","""80"""
"""Jun 13"," 2025 12:04:46.551235000 IST""","""172.19.0.3""","""172.19.0.2""","""TCP""","""80"""
"""Jun 13"," 2025 12:04:46.551248000 IST""","""172.19.0.2""","""172.19.0.3""","""TCP""","""80"""
"""Jun 13"," 2025 12:04:46.551249000 IST""","""172.19.0.2""","""172.19.0.3""","""TCP""","""80"""
"""Jun 13"," 2025 12:04:46.551259000 IST""","""172.19.0.3""","""172.19.0.2""","""TCP""","""72"""
"""Jun 13"," 2025 12:04:46.551260000 IST""","""172.19.0.3""","""172.19.0.2""","""TCP""","""72"""
"""Jun 13"," 2025 12:04:46.551308000 IST""","""172.19.0.3""","""172.19.0.2""","""TCP""","""80"""
"""Jun 13"," 2025 12:04:46.551309000 IST""","""172.19.0.3""","""172.19.0.2""","""TCP""","""80"""
"""Jun 13"," 2025 12:04:46.551321000 IST""","""172.19.0.2""","""172.19.0.3""","""TCP""","""80"""
"""Jun 13"," 2025 12:04:46.551322000 IST""","""172.19.0.2""","""172.19.0.3""","""TCP""","""80"""
"""Jun 13"," 2025 12:04:46.551333000 IST""","""172.19.0.3""","""172.19.0.2""","""TCP""","""72"""
"""Jun 13"," 2025 12:04:46.551334000 IST""","""172.19.0.3""","""172.19.0.2""","""TCP""","""72"""
"""Jun 13"," 2025 12:04:46.551419000 IST""","""172.19.0.3""","""172.19.0.2""","""TCP""","""80"""
"""Jun 13"," 2025 12:04:46.551420000 IST""","""172.19.0.3""","""172.19.0.2""","""TCP""","""80"""
"""Jun 13"," 2025 12:04:46.551432000 IST""","""172.19.0.2""","""172.19.0.3""","""TCP""","""80"""
"""Jun 13"," 2025 12:04:46.551433000 IST""","""172.19.0.2""","""172.19.0.3""","""TCP""","""80"""
"""Jun 13"," 2025 12:04:46.551444000 IST""","""172.19.0.3""","""172.19.0.2""","""TCP""","""72"""
"""Jun 13"," 2025 12:04:46.551453000 IST""","""172.19.0.3""","""172.19.0.2""","""TCP""","""72"""
"""Jun 13"," 2025 12:04:46.551504000 IST""","""172.19.0.3""","""172.19.0.2""","""TCP""","""80"""
"""Jun 13"," 2025 12:04:46.551505000 IST""","""172.19.0.3""","""172.19.0.2""","""TCP""","""80"""
"""Jun 13"," 2025 12:04:46.551518000 IST""","""172.19.0.2""","""172.19.0.3""","""TCP""","""80"""
"""Jun 13"," 2025 12:04:46.551518000 IST""","""172.19.0.2""","""172.19.0.3""","""TCP""","""80"""
"""Jun 13"," 2025 12:04:46.551529000 IST""","""172.19.0.3""","""172.19.0.2""","""TCP""","""72"""
"""Jun 13"," 2025 12:04:46.551530000 IST""","""172.19.0.3""","""172.19.0.2""","""TCP""","""72"""
"""Jun 13"," 2025 12:04:46.551577000 IST""","""172.19.0.3""","""172.19.0.2""","""TCP""","""80"""
"""Jun 13"," 2025 12:04:46.551578000 IST""","""172.19.0.3""","""172.19.0.2""","""TCP""","""80"""
"""Jun 13"," 2025 12:04:46.551590000 IST""","""172.19.0.2""","""172.19.0.3""","""TCP""","""80"""
"""Jun 13"," 2025 12:04:46.551591000 IST""","""172.19.0.2""","""172.19.0.3""","""TCP""","""80"""
"""Jun 13"," 2025 12:04:46.551601000 IST""","""172.19.0.3""","""172.19.0.2""","""TCP""","""72"""
"""Jun 13"," 2025 12:04:46.551602000 IST""","""172.19.0.3""","""172.19.0.2""","""TCP""","""72"""
"""Jun 13"," 2025 12:04:46.551651000 IST""","""172.19.0.3""","""172.19.0.2""","""TCP""","""80"""
"""Jun 13"," 2025 12:04:46.551652000 IST""","""172.19.0.3""","""172.19.0.2""","""TCP""","""80"""
"""Jun 13"," 2025 12:04:46.551664000 IST""","""172.19.0.2""","""172.19.0.3""","""TCP""","""80"""
"""Jun 13"," 2025 12:04:46.551665000 IST""","""172.19.0.2""","""172.19.0.3""","""TCP""","""80"""
"""Jun 13"," 2025 12:04:46.551675000 IST""","""172.19.0.3""","""172.19.0.2""","""TCP""","""72"""
"""Jun 13"," 2025 12:04:46.551676000 IST""","""172.19.0.3""","""172.19.0.2""","""TCP""","""72"""
"""Jun 13"," 2025 12:04:46.551723000 IST""","""172.19.0.3""","""172.19.0.2""","""TCP""","""80"""
"""Jun 13"," 2025 12:04:46.551724000 IST""","""172.19.0.3""","""172.19.0.2""","""TCP""","""80"""
"""Jun 13"," 2025 12:04:46.551736000 IST""","""172.19.0.2""","""172.19.0.3""","""TCP""","""80"""
"""Jun 13"," 2025 12:04:46.551737000 IST""","""172.19.0.2""","""172.19.0.3""","""TCP""","""80"""
"""Jun 13"," 2025 12:04:46.551747000 IST""","""172.19.0.3""","""172.19.0.2""","""TCP""","""72"""
"""Jun 13"," 2025 12:04:46.551748000 IST""","""172.19.0.3""","""172.19.0.2""","""TCP""","""72"""
"""Jun 13"," 2025 12:04:46.551796000 IST""","""172.19.0.3""","""172.19.0.2""","""TCP""","""80"""
"""Jun 13"," 2025 12:04:46.551797000 IST""","""172.19.0.3""","""172.19.0.2""","""TCP""","""80"""
"""Jun 13"," 2025 12:04:46.551809000 IST""","""172.19.0.2""","""172.19.0.3""","""TCP""","""80"""
"""Jun 13"," 2025 12:04:46.551810000 IST""","""172.19.0.2""","""172.19.0.3""","""TCP""","""80"""
"""Jun 13"," 2025 12:04:46.551821000 IST""","""172.19.0.3""","""172.19.0.2""","""TCP""","""72"""
"""Jun 13"," 2025 12:04:46.551822000 IST""","""172.19.0.3""","""172.19.0.2""","""TCP""","""72"""
"""Jun 13"," 2025 12:04:46.551871000 IST""","""172.19.0.3""","""172.19.0.2""","""TCP""","""80"""
"""Jun 13"," 2025 12:04:46.551872000 IST""","""172.19.0.3""","""172.19.0.2""","""TCP""","""80"""
"""Jun 13"," 2025 12:04:46.551898000 IST""","""172.19.0.2""","""172.19.0.3""","""TCP""","""80"""
"""Jun 13"," 2025 12:04:46.551899000 IST""","""172.19.0.2""","""172.19.0.3""","""TCP""","""80"""
"""Jun 13"," 2025 12:04:46.551910000 IST""","""172.19.0.3""","""172.19.0.2""","""TCP""","""72"""
"""Jun 13"," 2025 12:04:46.551911000 IST""","""172.19.0.3""","""172.19.0.2""","""TCP""","""72"""
"""Jun 13"," 2025 12:04:46.551956000 IST""","""172.19.0.3""","""172.19.0.2""","""TCP""","""80"""
"""Jun 13"," 2025 12:04:46.551957000 IST""","""172.19.0.3""","""172.19.0.2""","""TCP""","""80"""
"""Jun 13"," 2025 12:04:46.551971000 IST""","""172.19.0.2""","""172.19.0.3""","""TCP""","""80"""
"""Jun 13"," 2025 12:04:46.551972000 IST""","""172.19.0.2""","""172.19.0.3""","""TCP""","""80"""
"""Jun 13"," 2025 12:04:46.551983000 IST""","""172.19.0.3""","""172.19.0.2""","""TCP""","""72"""
"""Jun 13"," 2025 12:04:46.551984000 IST""","""172.19.0.3""","""172.19.0.2""","""TCP""","""72"""
"""Jun 13"," 2025 12:04:46.552040000 IST""","""172.19.0.3""","""172.19.0.2""","""TCP""","""80"""
"""Jun 13"," 2025 12:04:46.552041000 IST""","""172.19.0.3""","""172.19.0.2""","""TCP""","""80"""
"""Jun 13"," 2025 12:04:46.552054000 IST""","""172.19.0.2""","""172.19.0.3""","""TCP""","""80"""
"""Jun 13"," 2025 12:04:46.552055000 IST""","""172.19.0.2""","""172.19.0.3""","""TCP""","""80"""
"""Jun 13"," 2025 12:04:46.552065000 IST""","""172.19.0.3""","""172.19.0.2""","""TCP""","""72"""
"""Jun 13"," 2025 12:04:46.552066000 IST""","""172.19.0.3""","""172.19.0.2""","""TCP""","""72"""
"""Jun 13"," 2025 12:04:46.552115000 IST""","""172.19.0.3""","""172.19.0.2""","""TCP""","""80"""
"""Jun 13"," 2025 12:04:46.552116000 IST""","""172.19.0.3""","""172.19.0.2""","""TCP""","""80"""
"""Jun 13"," 2025 12:04:46.552128000 IST""","""172.19.0.2""","""172.19.0.3""","""TCP""","""80"""
"""Jun 13"," 2025 12:04:46.552129000 IST""","""172.19.0.2""","""172.19.0.3""","""TCP""","""80"""
"""Jun 13"," 2025 12:04:46.552140000 IST""","""172.19.0.3""","""172.19.0.2""","""TCP""","""72"""
"""Jun 13"," 2025 12:04:46.552140000 IST""","""172.19.0.3""","""172.19.0.2""","""TCP""","""72"""
"""Jun 13"," 2025 12:04:46.552213000 IST""","""172.19.0.3""","""172.19.0.2""","""TCP""","""80"""
"""Jun 13"," 2025 12:04:46.552215000 IST""","""172.19.0.3""","""172.19.0.2""","""TCP""","""80"""
"""Jun 13"," 2025 12:04:46.552227000 IST""","""172.19.0.2""","""172.19.0.3""","""TCP""","""80"""
"""Jun 13"," 2025 12:04:46.552228000 IST""","""172.19.0.2""","""172.19.0.3""","""TCP""","""80"""
"""Jun 13"," 2025 12:04:46.552240000 IST""","""172.19.0.3""","""172.19.0.2""","""TCP""","""72"""
"""Jun 13"," 2025 12:04:46.552241000 IST""","""172.19.0.3""","""172.19.0.2""","""TCP""","""72"""
"""Jun 13"," 2025 12:04:46.552339000 IST""","""172.19.0.3""","""172.19.0.2""","""TCP""","""80"""
"""Jun 13"," 2025 12:04:46.552340000 IST""","""172.19.0.3""","""172.19.0.2""","""TCP""","""80"""
"""Jun 13"," 2025 12:04:46.552352000 IST""","""172.19.0.2""","""172.19.0.3""","""TCP""","""80"""
"""Jun 13"," 2025 12:04:46.552353000 IST""","""172.19.0.2""","""172.19.0.3""","""TCP""","""80"""
"""Jun 13"," 2025 12:04:46.552363000 IST""","""172.19.0.3""","""172.19.0.2""","""TCP""","""72"""
"""Jun 13"," 2025 12:04:46.552364000 IST""","""172.19.0.3""","""172.19.0.2""","""TCP""","""72"""
"""Jun 13"," 2025 12:04:46.552411000 IST""","""172.19.0.3""","""172.19.0.2""","""TCP""","""80"""
"""Jun 13"," 2025 12:04:46.552412000 IST""","""172.19.0.3""","""172.19.0.2""","""TCP""","""80"""
"""Jun 13"," 2025 12:04:46.552424000 IST""","""172.19.0.2""","""172.19.0.3""","""TCP""","""80"""
"""Jun 13"," 2025 12:04:46.552425000 IST""","""172.19.0.2""","""172.19.0.3""","""TCP""","""80"""
"""Jun 13"," 2025 12:04:46.552436000 IST""","""172.19.0.3""","""172.19.0.2""","""TCP""","""72"""
"""Jun 13"," 2025 12:04:46.552437000 IST""","""172.19.0.3""","""172.19.0.2""","""TCP""","""72"""
"""Jun 13"," 2025 12:04:46.552485000 IST""","""172.19.0.3""","""172.19.0.2""","""TCP""","""80"""
"""Jun 13"," 2025 12:04:46.552486000 IST""","""172.19.0.3""","""172.19.0.2""","""TCP""","""80"""
"""Jun 13"," 2025 12:04:46.552500000 IST""","""172.19.0.2""","""172.19.0.3""","""TCP""","""80"""
"""Jun 13"," 2025 12:04:46.552501000 IST""","""172.19.0.2""","""172.19.0.3""","""TCP""","""80"""
"""Jun 13"," 2025 12:04:46.552511000 IST""","""172.19.0.3""","""172.19.0.2""","""TCP""","""72"""
"""Jun 13"," 2025 12:04:46.552512000 IST""","""172.19.0.3""","""172.19.0.2""","""TCP""","""72"""
"""Jun 13"," 2025 12:04:46.552559000 IST""","""172.19.0.3""","""172.19.0.2""","""TCP""","""80"""
"""Jun 13"," 2025 12:04:46.552560000 IST""","""172.19.0.3""","""172.19.0.2""","""TCP""","""80"""
"""Jun 13"," 2025 12:04:46.552572000 IST""","""172.19.0.2""","""172.19.0.3""","""TCP""","""80"""
"""Jun 13"," 2025 12:04:46.552573000 IST""","""172.19.0.2""","""172.19.0.3""","""TCP""","""80"""
"""Jun 13"," 2025 12:04:46.552584000 IST""","""172.19.0.3""","""172.19.0.2""","""TCP""","""72"""
"""Jun 13"," 2025 12:04:46.552584000 IST""","""172.19.0.3""","""172.19.0.2""","""TCP""","""72"""
"""Jun 13"," 2025 12:04:46.552630000 IST""","""172.19.0.3""","""172.19.0.2""","""TCP""","""80"""
"""Jun 13"," 2025 12:04:46.552631000 IST""","""172.19.0.3""","""172.19.0.2""","""TCP""","""80"""
"""Jun 13"," 2025 12:04:46.552643000 IST""","""172.19.0.2""","""172.19.0.3""","""TCP""","""80"""
"""Jun 13"," 2025 12:04:46.552645000 IST""","""172.19.0.2""","""172.19.0.3""","""TCP""","""80"""
"""Jun 13"," 2025 12:04:46.552655000 IST""","""172.19.0.3""","""172.19.0.2""","""TCP""","""72"""
"""Jun 13"," 2025 12:04:46.552656000 IST""","""172.19.0.3""","""172.19.0.2""","""TCP""","""72"""
"""Jun 13"," 2025 12:04:46.552704000 IST""","""172.19.0.3""","""172.19.0.2""","""TCP""","""80"""
"""Jun 13"," 2025 12:04:46.552705000 IST""","""172.19.0.3""","""172.19.0.2""","""TCP""","""80"""
"""Jun 13"," 2025 12:04:46.552717000 IST""","""172.19.0.2""","""172.19.0.3""","""TCP""","""80"""
"""Jun 13"," 2025 12:04:46.552718000 IST""","""172.19.0.2""","""172.19.0.3""","""TCP""","""80"""
"""Jun 13"," 2025 12:04:46.552728000 IST""","""172.19.0.3""","""172.19.0.2""","""TCP""","""72"""
"""Jun 13"," 2025 12:04:46.552729000 IST""","""172.19.0.3""","""172.19.0.2""","""TCP""","""72"""
"""Jun 13"," 2025 12:04:46.552776000 IST""","""172.19.0.3""","""172.19.0.2""","""TCP""","""80"""
"""Jun 13"," 2025 12:04:46.552777000 IST""","""172.19.0.3""","""172.19.0.2""","""TCP""","""80"""
"""Jun 13"," 2025 12:04:46.552789000 IST""","""172.19.0.2""","""172.19.0.3""","""TCP""","""80"""
"""Jun 13"," 2025 12:04:46.552790000 IST""","""172.19.0.2""","""172.19.0.3""","""TCP""","""80"""
"""Jun 13"," 2025 12:04:46.552801000 IST""","""172.19.0.3""","""172.19.0.2""","""TCP""","""72"""
"""Jun 13"," 2025 12:04:46.552802000 IST""","""172.19.0.3""","""172.19.0.2""","""TCP""","""72"""
"""Jun 13"," 2025 12:04:46.552888000 IST""","""172.19.0.3""","""172.19.0.2""","""TCP""","""80"""
"""Jun 13"," 2025 12:04:46.552889000 IST""","""172.19.0.3""","""172.19.0.2""","""TCP""","""80"""
"""Jun 13"," 2025 12:04:46.552901000 IST""","""172.19.0.2""","""172.19.0.3""","""TCP""","""80"""
"""Jun 13"," 2025 12:04:46.552902000 IST""","""172.19.0.2""","""172.19.0.3""","""TCP""","""80"""
"""Jun 13"," 2025 12:04:46.552912000 IST""","""172.19.0.3""","""172.19.0.2""","""TCP""","""72"""
"""Jun 13"," 2025 12:04:46.552913000 IST""","""172.19.0.3""","""172.19.0.2""","""TCP""","""72"""
"""Jun 13"," 2025 12:04:46.552960000 IST""","""172.19.0.3""","""172.19.0.2""","""TCP""","""80"""
"""Jun 13"," 2025 12:04:46.552961000 IST""","""172.19.0.3""","""172.19.0.2""","""TCP""","""80"""
"""Jun 13"," 2025 12:04:46.552973000 IST""","""172.19.0.2""","""172.19.0.3""","""TCP""","""80"""
"""Jun 13"," 2025 12:04:46.552974000 IST""","""172.19.0.2""","""172.19.0.3""","""TCP""","""80"""
"""Jun 13"," 2025 12:04:46.552984000 IST""","""172.19.0.3""","""172.19.0.2""","""TCP""","""72"""
"""Jun 13"," 2025 12:04:46.552985000 IST""","""172.19.0.3""","""172.19.0.2""","""TCP""","""72"""
"""Jun 13"," 2025 12:04:46.553086000 IST""","""172.19.0.3""","""172.19.0.2""","""TCP""","""80"""
"""Jun 13"," 2025 12:04:46.553087000 IST""","""172.19.0.3""","""172.19.0.2""","""TCP""","""80"""
"""Jun 13"," 2025 12:04:46.553099000 IST""","""172.19.0.2""","""172.19.0.3""","""TCP""","""80"""
"""Jun 13"," 2025 12:04:46.553100000 IST""","""172.19.0.2""","""172.19.0.3""","""TCP""","""80"""
"""Jun 13"," 2025 12:04:46.553110000 IST""","""172.19.0.3""","""172.19.0.2""","""TCP""","""72"""
"""Jun 13"," 2025 12:04:46.553111000 IST""","""172.19.0.3""","""172.19.0.2""","""TCP""","""72"""
"""Jun 13"," 2025 12:04:46.553158000 IST""","""172.19.0.3""","""172.19.0.2""","""TCP""","""80"""
"""Jun 13"," 2025 12:04:46.553159000 IST""","""172.19.0.3""","""172.19.0.2""","""TCP""","""80"""
"""Jun 13"," 2025 12:04:46.553171000 IST""","""172.19.0.2""","""172.19.0.3""","""TCP""","""80"""
"""Jun 13"," 2025 12:04:46.553172000 IST""","""172.19.0.2""","""172.19.0.3""","""TCP""","""80"""
"""Jun 13"," 2025 12:04:46.553191000 IST""","""172.19.0.3""","""172.19.0.2""","""TCP""","""72"""
"""Jun 13"," 2025 12:04:46.553192000 IST""","""172.19.0.3""","""172.19.0.2""","""TCP""","""72"""
"""Jun 13"," 2025 12:04:46.553237000 IST""","""172.19.0.3""","""172.19.0.2""","""TCP""","""80"""
"""Jun 13"," 2025 12:04:46.553238000 IST""","""172.19.0.3""","""172.19.0.2""","""TCP""","""80"""
"""Jun 13"," 2025 12:04:46.553250000 IST""","""172.19.0.2""","""172.19.0.3""","""TCP""","""80"""
"""Jun 13"," 2025 12:04:46.553252000 IST""","""172.19.0.2""","""172.19.0.3""","""TCP""","""80"""
"""Jun 13"," 2025 12:04:46.553262000 IST""","""172.19.0.3""","""172.19.0.2""","""TCP""","""72"""
"""Jun 13"," 2025 12:04:46.553263000 IST""","""172.19.0.3""","""172.19.0.2""","""TCP""","""72"""
"""Jun 13"," 2025 12:04:46.553323000 IST""","""172.19.0.3""","""172.19.0.2""","""TCP""","""80"""
"""Jun 13"," 2025 12:04:46.553324000 IST""","""172.19.0.3""","""172.19.0.2""","""TCP""","""80"""
"""Jun 13"," 2025 12:04:46.553336000 IST""","""172.19.0.2""","""172.19.0.3""","""TCP""","""80"""
"""Jun 13"," 2025 12:04:46.553338000 IST""","""172.19.0.2""","""172.19.0.3""","""TCP""","""80"""
"""Jun 13"," 2025 12:04:46.553348000 IST""","""172.19.0.3""","""172.19.0.2""","""TCP""","""72"""
"""Jun 13"," 2025 12:04:46.553349000 IST""","""172.19.0.3""","""172.19.0.2""","""TCP""","""72"""
"""Jun 13"," 2025 12:04:46.553396000 IST""","""172.19.0.3""","""172.19.0.2""","""TCP""","""80"""
"""Jun 13"," 2025 12:04:46.553397000 IST""","""172.19.0.3""","""172.19.0.2""","""TCP""","""80"""
"""Jun 13"," 2025 12:04:46.553409000 IST""","""172.19.0.2""","""172.19.0.3""","""TCP""","""80"""
"""Jun 13"," 2025 12:04:46.553410000 IST""","""172.19.0.2""","""172.19.0.3""","""TCP""","""80"""
"""Jun 13"," 2025 12:04:46.553420000 IST""","""172.19.0.3""","""172.19.0.2""","""TCP""","""72"""
"""Jun 13"," 2025 12:04:46.553421000 IST""","""172.19.0.3""","""172.19.0.2""","""TCP""","""72"""
"""Jun 13"," 2025 12:04:46.553478000 IST""","""172.19.0.3""","""172.19.0.2""","""TCP""","""80"""
"""Jun 13"," 2025 12:04:46.553479000 IST""","""172.19.0.3""","""172.19.0.2""","""TCP""","""80"""
"""Jun 13"," 2025 12:04:46.553492000 IST""","""172.19.0.2""","""172.19.0.3""","""TCP""","""80"""
"""Jun 13"," 2025 12:04:46.553493000 IST""","""172.19.0.2""","""172.19.0.3""","""TCP""","""80"""
"""Jun 13"," 2025 12:04:46.553503000 IST""","""172.19.0.3""","""172.19.0.2""","""TCP""","""72"""
"""Jun 13"," 2025 12:04:46.553504000 IST""","""172.19.0.3""","""172.19.0.2""","""TCP""","""72"""
"""Jun 13"," 2025 12:04:46.553551000 IST""","""172.19.0.3""","""172.19.0.2""","""TCP""","""80"""
"""Jun 13"," 2025 12:04:46.553552000 IST""","""172.19.0.3""","""172.19.0.2""","""TCP""","""80"""
"""Jun 13"," 2025 12:04:46.553564000 IST""","""172.19.0.2""","""172.19.0.3""","""TCP""","""80"""
"""Jun 13"," 2025 12:04:46.553565000 IST""","""172.19.0.2""","""172.19.0.3""","""TCP""","""80"""
"""Jun 13"," 2025 12:04:46.553575000 IST""","""172.19.0.3""","""172.19.0.2""","""TCP""","""72"""
"""Jun 13"," 2025 12:04:46.553576000 IST""","""172.19.0.3""","""172.19.0.2""","""TCP""","""72"""
"""Jun 13"," 2025 12:04:46.553649000 IST""","""172.19.0.3""","""172.19.0.2""","""HTTP""","""160"""
"""Jun 13"," 2025 12:04:46.553650000 IST""","""172.19.0.3""","""172.19.0.2""","""TCP""","""160"""
"""Jun 13"," 2025 12:04:46.553670000 IST""","""172.19.0.2""","""172.19.0.3""","""TCP""","""72"""
"""Jun 13"," 2025 12:04:46.553671000 IST""","""172.19.0.2""","""172.19.0.3""","""TCP""","""72"""
"""Jun 13"," 2025 12:04:46.553703000 IST""","""172.19.0.3""","""172.19.0.2""","""HTTP""","""160"""
"""Jun 13"," 2025 12:04:46.553704000 IST""","""172.19.0.3""","""172.19.0.2""","""TCP""","""160"""
"""Jun 13"," 2025 12:04:46.553720000 IST""","""172.19.0.2""","""172.19.0.3""","""TCP""","""72"""
"""Jun 13"," 2025 12:04:46.553721000 IST""","""172.19.0.2""","""172.19.0.3""","""TCP""","""72"""
"""Jun 13"," 2025 12:04:46.553741000 IST""","""172.19.0.3""","""172.19.0.2""","""HTTP""","""160"""
"""Jun 13"," 2025 12:04:46.553742000 IST""","""172.19.0.3""","""172.19.0.2""","""TCP""","""160"""
"""Jun 13"," 2025 12:04:46.553754000 IST""","""172.19.0.2""","""172.19.0.3""","""TCP""","""72"""
"""Jun 13"," 2025 12:04:46.553755000 IST""","""172.19.0.2""","""172.19.0.3""","""TCP""","""72"""
"""Jun 13"," 2025 12:04:46.553774000 IST""","""172.19.0.3""","""172.19.0.2""","""HTTP""","""160"""
"""Jun 13"," 2025 12:04:46.553775000 IST""","""172.19.0.3""","""172.19.0.2""","""TCP""","""160"""
"""Jun 13"," 2025 12:04:46.553786000 IST""","""172.19.0.2""","""172.19.0.3""","""TCP""","""72"""
"""Jun 13"," 2025 12:04:46.553787000 IST""","""172.19.0.2""","""172.19.0.3""","""TCP""","""72"""
"""Jun 13"," 2025 12:04:46.553810000 IST""","""172.19.0.3""","""172.19.0.2""","""HTTP""","""160"""
"""Jun 13"," 2025 12:04:46.553811000 IST""","""172.19.0.3""","""172.19.0.2""","""TCP""","""160"""
"""Jun 13"," 2025 12:04:46.553820000 IST""","""172.19.0.2""","""172.19.0.3""","""TCP""","""72"""
"""Jun 13"," 2025 12:04:46.553821000 IST""","""172.19.0.2""","""172.19.0.3""","""TCP""","""72"""
"""Jun 13"," 2025 12:04:46.553840000 IST""","""172.19.0.3""","""172.19.0.2""","""HTTP""","""160"""
"""Jun 13"," 2025 12:04:46.553841000 IST""","""172.19.0.3""","""172.19.0.2""","""TCP""","""160"""
"""Jun 13"," 2025 12:04:46.553849000 IST""","""172.19.0.2""","""172.19.0.3""","""TCP""","""72"""
"""Jun 13"," 2025 12:04:46.553850000 IST""","""172.19.0.2""","""172.19.0.3""","""TCP""","""72"""
"""Jun 13"," 2025 12:04:46.553868000 IST""","""172.19.0.3""","""172.19.0.2""","""HTTP""","""160"""
"""Jun 13"," 2025 12:04:46.553869000 IST""","""172.19.0.3""","""172.19.0.2""","""TCP""","""160"""
"""Jun 13"," 2025 12:04:46.553877000 IST""","""172.19.0.2""","""172.19.0.3""","""TCP""","""72"""
"""Jun 13"," 2025 12:04:46.553878000 IST""","""172.19.0.2""","""172.19.0.3""","""TCP""","""72"""
"""Jun 13"," 2025 12:04:46.553897000 IST""","""172.19.0.3""","""172.19.0.2""","""HTTP""","""160"""
"""Jun 13"," 2025 12:04:46.553898000 IST""","""172.19.0.3""","""172.19.0.2""","""TCP""","""160"""
"""Jun 13"," 2025 12:04:46.553905000 IST""","""172.19.0.2""","""172.19.0.3""","""TCP""","""72"""
"""Jun 13"," 2025 12:04:46.553906000 IST""","""172.19.0.2""","""172.19.0.3""","""TCP""","""72"""
"""Jun 13"," 2025 12:04:46.553925000 IST""","""172.19.0.3""","""172.19.0.2""","""HTTP""","""160"""
"""Jun 13"," 2025 12:04:46.553926000 IST""","""172.19.0.3""","""172.19.0.2""","""TCP""","""160"""
"""Jun 13"," 2025 12:04:46.553935000 IST""","""172.19.0.2""","""172.19.0.3""","""TCP""","""72"""
"""Jun 13"," 2025 12:04:46.553937000 IST""","""172.19.0.2""","""172.19.0.3""","""TCP""","""72"""
"""Jun 13"," 2025 12:04:46.553969000 IST""","""172.19.0.3""","""172.19.0.2""","""HTTP""","""160"""
"""Jun 13"," 2025 12:04:46.553970000 IST""","""172.19.0.3""","""172.19.0.2""","""TCP""","""160"""
"""Jun 13"," 2025 12:04:46.553993000 IST""","""172.19.0.2""","""172.19.0.3""","""TCP""","""72"""
"""Jun 13"," 2025 12:04:46.553994000 IST""","""172.19.0.2""","""172.19.0.3""","""TCP""","""72"""
"""Jun 13"," 2025 12:04:46.554013000 IST""","""172.19.0.3""","""172.19.0.2""","""HTTP""","""160"""
"""Jun 13"," 2025 12:04:46.554014000 IST""","""172.19.0.3""","""172.19.0.2""","""TCP""","""160"""
"""Jun 13"," 2025 12:04:46.554022000 IST""","""172.19.0.2""","""172.19.0.3""","""TCP""","""72"""
"""Jun 13"," 2025 12:04:46.554023000 IST""","""172.19.0.2""","""172.19.0.3""","""TCP""","""72"""
"""Jun 13"," 2025 12:04:46.554042000 IST""","""172.19.0.3""","""172.19.0.2""","""HTTP""","""160"""
"""Jun 13"," 2025 12:04:46.554043000 IST""","""172.19.0.3""","""172.19.0.2""","""TCP""","""160"""
"""Jun 13"," 2025 12:04:46.554050000 IST""","""172.19.0.2""","""172.19.0.3""","""TCP""","""72"""
"""Jun 13"," 2025 12:04:46.554051000 IST""","""172.19.0.2""","""172.19.0.3""","""TCP""","""72"""
"""Jun 13"," 2025 12:04:46.554070000 IST""","""172.19.0.3""","""172.19.0.2""","""HTTP""","""160"""
"""Jun 13"," 2025 12:04:46.554071000 IST""","""172.19.0.3""","""172.19.0.2""","""TCP""","""160"""
"""Jun 13"," 2025 12:04:46.554079000 IST""","""172.19.0.2""","""172.19.0.3""","""TCP""","""72"""
"""Jun 13"," 2025 12:04:46.554079000 IST""","""172.19.0.2""","""172.19.0.3""","""TCP""","""72"""
"""Jun 13"," 2025 12:04:46.554098000 IST""","""172.19.0.3""","""172.19.0.2""","""HTTP""","""160"""
"""Jun 13"," 2025 12:04:46.554099000 IST""","""172.19.0.3""","""172.19.0.2""","""TCP""","""160"""
"""Jun 13"," 2025 12:04:46.554107000 IST""","""172.19.0.2""","""172.19.0.3""","""TCP""","""72"""
"""Jun 13"," 2025 12:04:46.554108000 IST""","""172.19.0.2""","""172.19.0.3""","""TCP""","""72"""
"""Jun 13"," 2025 12:04:46.554126000 IST""","""172.19.0.3""","""172.19.0.2""","""HTTP""","""160"""
"""Jun 13"," 2025 12:04:46.554127000 IST""","""172.19.0.3""","""172.19.0.2""","""TCP""","""160"""
"""Jun 13"," 2025 12:04:46.554135000 IST""","""172.19.0.2""","""172.19.0.3""","""TCP""","""72"""
"""Jun 13"," 2025 12:04:46.554136000 IST""","""172.19.0.2""","""172.19.0.3""","""TCP""","""72"""
"""Jun 13"," 2025 12:04:46.554155000 IST""","""172.19.0.3""","""172.19.0.2""","""HTTP""","""160"""
"""Jun 13"," 2025 12:04:46.554156000 IST""","""172.19.0.3""","""172.19.0.2""","""TCP""","""160"""
"""Jun 13"," 2025 12:04:46.554164000 IST""","""172.19.0.2""","""172.19.0.3""","""TCP""","""72"""
"""Jun 13"," 2025 12:04:46.554165000 IST""","""172.19.0.2""","""172.19.0.3""","""TCP""","""72"""
"""Jun 13"," 2025 12:04:46.554191000 IST""","""172.19.0.3""","""172.19.0.2""","""HTTP""","""160"""
"""Jun 13"," 2025 12:04:46.554192000 IST""","""172.19.0.3""","""172.19.0.2""","""TCP""","""160"""
"""Jun 13"," 2025 12:04:46.554199000 IST""","""172.19.0.2""","""172.19.0.3""","""TCP""","""72"""
"""Jun 13"," 2025 12:04:46.554200000 IST""","""172.19.0.2""","""172.19.0.3""","""TCP""","""72"""
"""Jun 13"," 2025 12:04:46.554218000 IST""","""172.19.0.3""","""172.19.0.2""","""HTTP""","""160"""
"""Jun 13"," 2025 12:04:46.554219000 IST""","""172.19.0.3""","""172.19.0.2""","""TCP""","""160"""
"""Jun 13"," 2025 12:04:46.554227000 IST""","""172.19.0.2""","""172.19.0.3""","""TCP""","""72"""
"""Jun 13"," 2025 12:04:46.554227000 IST""","""172.19.0.2""","""172.19.0.3""","""TCP""","""72"""
"""Jun 13"," 2025 12:04:46.554246000 IST""","""172.19.0.3""","""172.19.0.2""","""HTTP""","""160"""
"""Jun 13"," 2025 12:04:46.554247000 IST""","""172.19.0.3""","""172.19.0.2""","""TCP""","""160"""
"""Jun 13"," 2025 12:04:46.554257000 IST""","""172.19.0.2""","""172.19.0.3""","""TCP""","""72"""
"""Jun 13"," 2025 12:04:46.554258000 IST""","""172.19.0.2""","""172.19.0.3""","""TCP""","""72"""
"""Jun 13"," 2025 12:04:46.554277000 IST""","""172.19.0.3""","""172.19.0.2""","""HTTP""","""160"""
"""Jun 13"," 2025 12:04:46.554278000 IST""","""172.19.0.3""","""172.19.0.2""","""TCP""","""160"""
"""Jun 13"," 2025 12:04:46.554285000 IST""","""172.19.0.2""","""172.19.0.3""","""TCP""","""72"""
"""Jun 13"," 2025 12:04:46.554286000 IST""","""172.19.0.2""","""172.19.0.3""","""TCP""","""72"""
"""Jun 13"," 2025 12:04:46.554322000 IST""","""172.19.0.3""","""172.19.0.2""","""HTTP""","""160"""
"""Jun 13"," 2025 12:04:46.554323000 IST""","""172.19.0.3""","""172.19.0.2""","""TCP""","""160"""
"""Jun 13"," 2025 12:04:46.554345000 IST""","""172.19.0.2""","""172.19.0.3""","""TCP""","""72"""
"""Jun 13"," 2025 12:04:46.554346000 IST""","""172.19.0.2""","""172.19.0.3""","""TCP""","""72"""
"""Jun 13"," 2025 12:04:46.554369000 IST""","""172.19.0.3""","""172.19.0.2""","""HTTP""","""160"""
"""Jun 13"," 2025 12:04:46.554370000 IST""","""172.19.0.3""","""172.19.0.2""","""TCP""","""160"""
"""Jun 13"," 2025 12:04:46.554377000 IST""","""172.19.0.2""","""172.19.0.3""","""TCP""","""72"""
"""Jun 13"," 2025 12:04:46.554378000 IST""","""172.19.0.2""","""172.19.0.3""","""TCP""","""72"""
"""Jun 13"," 2025 12:04:46.554397000 IST""","""172.19.0.3""","""172.19.0.2""","""HTTP""","""160"""
"""Jun 13"," 2025 12:04:46.554398000 IST""","""172.19.0.3""","""172.19.0.2""","""TCP""","""160"""
"""Jun 13"," 2025 12:04:46.554405000 IST""","""172.19.0.2""","""172.19.0.3""","""TCP""","""72"""
"""Jun 13"," 2025 12:04:46.554406000 IST""","""172.19.0.2""","""172.19.0.3""","""TCP""","""72"""
"""Jun 13"," 2025 12:04:46.554425000 IST""","""172.19.0.3""","""172.19.0.2""","""HTTP""","""160"""
"""Jun 13"," 2025 12:04:46.554426000 IST""","""172.19.0.3""","""172.19.0.2""","""TCP""","""160"""
"""Jun 13"," 2025 12:04:46.554433000 IST""","""172.19.0.2""","""172.19.0.3""","""TCP""","""72"""
"""Jun 13"," 2025 12:04:46.554434000 IST""","""172.19.0.2""","""172.19.0.3""","""TCP""","""72"""
"""Jun 13"," 2025 12:04:46.554452000 IST""","""172.19.0.3""","""172.19.0.2""","""HTTP""","""160"""
"""Jun 13"," 2025 12:04:46.554453000 IST""","""172.19.0.3""","""172.19.0.2""","""TCP""","""160"""
"""Jun 13"," 2025 12:04:46.554460000 IST""","""172.19.0.2""","""172.19.0.3""","""TCP""","""72"""
"""Jun 13"," 2025 12:04:46.554461000 IST""","""172.19.0.2""","""172.19.0.3""","""TCP""","""72"""
"""Jun 13"," 2025 12:04:46.554480000 IST""","""172.19.0.3""","""172.19.0.2""","""HTTP""","""160"""
"""Jun 13"," 2025 12:04:46.554481000 IST""","""172.19.0.3""","""172.19.0.2""","""TCP""","""160"""
"""Jun 13"," 2025 12:04:46.554489000 IST""","""172.19.0.2""","""172.19.0.3""","""TCP""","""72"""
"""Jun 13"," 2025 12:04:46.554490000 IST""","""172.19.0.2""","""172.19.0.3""","""TCP""","""72"""
"""Jun 13"," 2025 12:04:46.554508000 IST""","""172.19.0.3""","""172.19.0.2""","""HTTP""","""160"""
"""Jun 13"," 2025 12:04:46.554509000 IST""","""172.19.0.3""","""172.19.0.2""","""TCP""","""160"""
"""Jun 13"," 2025 12:04:46.554517000 IST""","""172.19.0.2""","""172.19.0.3""","""TCP""","""72"""
"""Jun 13"," 2025 12:04:46.554517000 IST""","""172.19.0.2""","""172.19.0.3""","""TCP""","""72"""
"""Jun 13"," 2025 12:04:46.554538000 IST""","""172.19.0.3""","""172.19.0.2""","""HTTP""","""160"""
"""Jun 13"," 2025 12:04:46.554538000 IST""","""172.19.0.3""","""172.19.0.2""","""TCP""","""160"""
"""Jun 13"," 2025 12:04:46.554546000 IST""","""172.19.0.2""","""172.19.0.3""","""TCP""","""72"""
"""Jun 13"," 2025 12:04:46.554547000 IST""","""172.19.0.2""","""172.19.0.3""","""TCP""","""72"""
"""Jun 13"," 2025 12:04:46.554567000 IST""","""172.19.0.3""","""172.19.0.2""","""HTTP""","""160"""
"""Jun 13"," 2025 12:04:46.554568000 IST""","""172.19.0.3""","""172.19.0.2""","""TCP""","""160"""
"""Jun 13"," 2025 12:04:46.554577000 IST""","""172.19.0.2""","""172.19.0.3""","""TCP""","""72"""
"""Jun 13"," 2025 12:04:46.554578000 IST""","""172.19.0.2""","""172.19.0.3""","""TCP""","""72"""
"""Jun 13"," 2025 12:04:46.554596000 IST""","""172.19.0.3""","""172.19.0.2""","""HTTP""","""160"""
"""Jun 13"," 2025 12:04:46.554597000 IST""","""172.19.0.3""","""172.19.0.2""","""TCP""","""160"""
"""Jun 13"," 2025 12:04:46.554604000 IST""","""172.19.0.2""","""172.19.0.3""","""TCP""","""72"""
"""Jun 13"," 2025 12:04:46.554605000 IST""","""172.19.0.2""","""172.19.0.3""","""TCP""","""72"""
"""Jun 13"," 2025 12:04:46.554625000 IST""","""172.19.0.3""","""172.19.0.2""","""HTTP""","""160"""
"""Jun 13"," 2025 12:04:46.554626000 IST""","""172.19.0.3""","""172.19.0.2""","""TCP""","""160"""
"""Jun 13"," 2025 12:04:46.554633000 IST""","""172.19.0.2""","""172.19.0.3""","""TCP""","""72"""
"""Jun 13"," 2025 12:04:46.554634000 IST""","""172.19.0.2""","""172.19.0.3""","""TCP""","""72"""
"""Jun 13"," 2025 12:04:46.554652000 IST""","""172.19.0.3""","""172.19.0.2""","""HTTP""","""160"""
"""Jun 13"," 2025 12:04:46.554653000 IST""","""172.19.0.3""","""172.19.0.2""","""TCP""","""160"""
"""Jun 13"," 2025 12:04:46.554661000 IST""","""172.19.0.2""","""172.19.0.3""","""TCP""","""72"""
"""Jun 13"," 2025 12:04:46.554662000 IST""","""172.19.0.2""","""172.19.0.3""","""TCP""","""72"""
"""Jun 13"," 2025 12:04:46.554680000 IST""","""172.19.0.3""","""172.19.0.2""","""HTTP""","""160"""
"""Jun 13"," 2025 12:04:46.554681000 IST""","""172.19.0.3""","""172.19.0.2""","""TCP""","""160"""
"""Jun 13"," 2025 12:04:46.554688000 IST""","""172.19.0.2""","""172.19.0.3""","""TCP""","""72"""
"""Jun 13"," 2025 12:04:46.554689000 IST""","""172.19.0.2""","""172.19.0.3""","""TCP""","""72"""
"""Jun 13"," 2025 12:04:46.554707000 IST""","""172.19.0.3""","""172.19.0.2""","""HTTP""","""160"""
"""Jun 13"," 2025 12:04:46.554708000 IST""","""172.19.0.3""","""172.19.0.2""","""TCP""","""160"""
"""Jun 13"," 2025 12:04:46.554716000 IST""","""172.19.0.2""","""172.19.0.3""","""TCP""","""72"""
"""Jun 13"," 2025 12:04:46.554716000 IST""","""172.19.0.2""","""172.19.0.3""","""TCP""","""72"""
"""Jun 13"," 2025 12:04:46.554735000 IST""","""172.19.0.3""","""172.19.0.2""","""HTTP""","""160"""
"""Jun 13"," 2025 12:04:46.554736000 IST""","""172.19.0.3""","""172.19.0.2""","""TCP""","""160"""
"""Jun 13"," 2025 12:04:46.554743000 IST""","""172.19.0.2""","""172.19.0.3""","""TCP""","""72"""
"""Jun 13"," 2025 12:04:46.554744000 IST""","""172.19.0.2""","""172.19.0.3""","""TCP""","""72"""
"""Jun 13"," 2025 12:04:46.554762000 IST""","""172.19.0.3""","""172.19.0.2""","""HTTP""","""160"""
"""Jun 13"," 2025 12:04:46.554763000 IST""","""172.19.0.3""","""172.19.0.2""","""TCP""","""160"""
"""Jun 13"," 2025 12:04:46.554771000 IST""","""172.19.0.2""","""172.19.0.3""","""TCP""","""72"""
"""Jun 13"," 2025 12:04:46.554771000 IST""","""172.19.0.2""","""172.19.0.3""","""TCP""","""72"""
"""Jun 13"," 2025 12:04:46.554800000 IST""","""172.19.0.3""","""172.19.0.2""","""HTTP""","""160"""
"""Jun 13"," 2025 12:04:46.554800000 IST""","""172.19.0.3""","""172.19.0.2""","""TCP""","""160"""
"""Jun 13"," 2025 12:04:46.554808000 IST""","""172.19.0.2""","""172.19.0.3""","""TCP""","""72"""
"""Jun 13"," 2025 12:04:46.554809000 IST""","""172.19.0.2""","""172.19.0.3""","""TCP""","""72"""
"""Jun 13"," 2025 12:04:46.554827000 IST""","""172.19.0.3""","""172.19.0.2""","""HTTP""","""160"""
"""Jun 13"," 2025 12:04:46.554828000 IST""","""172.19.0.3""","""172.19.0.2""","""TCP""","""160"""
"""Jun 13"," 2025 12:04:46.554836000 IST""","""172.19.0.2""","""172.19.0.3""","""TCP""","""72"""
"""Jun 13"," 2025 12:04:46.554837000 IST""","""172.19.0.2""","""172.19.0.3""","""TCP""","""72"""
"""Jun 13"," 2025 12:04:46.554855000 IST""","""172.19.0.3""","""172.19.0.2""","""HTTP""","""160"""
"""Jun 13"," 2025 12:04:46.554856000 IST""","""172.19.0.3""","""172.19.0.2""","""TCP""","""160"""
"""Jun 13"," 2025 12:04:46.554863000 IST""","""172.19.0.2""","""172.19.0.3""","""TCP""","""72"""
"""Jun 13"," 2025 12:04:46.554864000 IST""","""172.19.0.2""","""172.19.0.3""","""TCP""","""72"""
"""Jun 13"," 2025 12:04:46.554882000 IST""","""172.19.0.3""","""172.19.0.2""","""HTTP""","""160"""
"""Jun 13"," 2025 12:04:46.554883000 IST""","""172.19.0.3""","""172.19.0.2""","""TCP""","""160"""
"""Jun 13"," 2025 12:04:46.554890000 IST""","""172.19.0.2""","""172.19.0.3""","""TCP""","""72"""
"""Jun 13"," 2025 12:04:46.554891000 IST""","""172.19.0.2""","""172.19.0.3""","""TCP""","""72"""
"""Jun 13"," 2025 12:04:46.554909000 IST""","""172.19.0.3""","""172.19.0.2""","""HTTP""","""160"""
"""Jun 13"," 2025 12:04:46.554910000 IST""","""172.19.0.3""","""172.19.0.2""","""TCP""","""160"""
"""Jun 13"," 2025 12:04:46.554918000 IST""","""172.19.0.2""","""172.19.0.3""","""TCP""","""72"""
"""Jun 13"," 2025 12:04:46.554918000 IST""","""172.19.0.2""","""172.19.0.3""","""TCP""","""72"""
"""Jun 13"," 2025 12:04:46.554937000 IST""","""172.19.0.3""","""172.19.0.2""","""HTTP""","""160"""
"""Jun 13"," 2025 12:04:46.554937000 IST""","""172.19.0.3""","""172.19.0.2""","""TCP""","""160"""
"""Jun 13"," 2025 12:04:46.554945000 IST""","""172.19.0.2""","""172.19.0.3""","""TCP""","""72"""
"""Jun 13"," 2025 12:04:46.554946000 IST""","""172.19.0.2""","""172.19.0.3""","""TCP""","""72"""
"""Jun 13"," 2025 12:04:46.554964000 IST""","""172.19.0.3""","""172.19.0.2""","""HTTP""","""160"""
"""Jun 13"," 2025 12:04:46.554965000 IST""","""172.19.0.3""","""172.19.0.2""","""TCP""","""160"""
"""Jun 13"," 2025 12:04:46.554972000 IST""","""172.19.0.2""","""172.19.0.3""","""TCP""","""72"""
"""Jun 13"," 2025 12:04:46.554973000 IST""","""172.19.0.2""","""172.19.0.3""","""TCP""","""72"""
"""Jun 13"," 2025 12:04:46.554991000 IST""","""172.19.0.3""","""172.19.0.2""","""HTTP""","""160"""
"""Jun 13"," 2025 12:04:46.554992000 IST""","""172.19.0.3""","""172.19.0.2""","""TCP""","""160"""
"""Jun 13"," 2025 12:04:46.554999000 IST""","""172.19.0.2""","""172.19.0.3""","""TCP""","""72"""
"""Jun 13"," 2025 12:04:46.555000000 IST""","""172.19.0.2""","""172.19.0.3""","""TCP""","""72"""
"""Jun 13"," 2025 12:04:46.555018000 IST""","""172.19.0.3""","""172.19.0.2""","""HTTP""","""160"""
"""Jun 13"," 2025 12:04:46.555019000 IST""","""172.19.0.3""","""172.19.0.2""","""TCP""","""160"""
"""Jun 13"," 2025 12:04:46.555026000 IST""","""172.19.0.2""","""172.19.0.3""","""TCP""","""72"""
"""Jun 13"," 2025 12:04:46.555027000 IST""","""172.19.0.2""","""172.19.0.3""","""TCP""","""72"""
"""Jun 13"," 2025 12:04:46.555046000 IST""","""172.19.0.3""","""172.19.0.2""","""HTTP""","""160"""
"""Jun 13"," 2025 12:04:46.555046000 IST""","""172.19.0.3""","""172.19.0.2""","""TCP""","""160"""
"""Jun 13"," 2025 12:04:46.555054000 IST""","""172.19.0.2""","""172.19.0.3""","""TCP""","""72"""
"""Jun 13"," 2025 12:04:46.555054000 IST""","""172.19.0.2""","""172.19.0.3""","""TCP""","""72"""
"""Jun 13"," 2025 12:04:46.555072000 IST""","""172.19.0.3""","""172.19.0.2""","""HTTP""","""160"""
"""Jun 13"," 2025 12:04:46.555073000 IST""","""172.19.0.3""","""172.19.0.2""","""TCP""","""160"""
"""Jun 13"," 2025 12:04:46.555080000 IST""","""172.19.0.2""","""172.19.0.3""","""TCP""","""72"""
"""Jun 13"," 2025 12:04:46.555081000 IST""","""172.19.0.2""","""172.19.0.3""","""TCP""","""72"""
"""Jun 13"," 2025 12:04:46.555099000 IST""","""172.19.0.3""","""172.19.0.2""","""HTTP""","""160"""
"""Jun 13"," 2025 12:04:46.555100000 IST""","""172.19.0.3""","""172.19.0.2""","""TCP""","""160"""
"""Jun 13"," 2025 12:04:46.555107000 IST""","""172.19.0.2""","""172.19.0.3""","""TCP""","""72"""
"""Jun 13"," 2025 12:04:46.555108000 IST""","""172.19.0.2""","""172.19.0.3""","""TCP""","""72"""
"""Jun 13"," 2025 12:04:46.555126000 IST""","""172.19.0.3""","""172.19.0.2""","""HTTP""","""160"""
"""Jun 13"," 2025 12:04:46.555127000 IST""","""172.19.0.3""","""172.19.0.2""","""TCP""","""160"""
"""Jun 13"," 2025 12:04:46.555134000 IST""","""172.19.0.2""","""172.19.0.3""","""TCP""","""72"""
"""Jun 13"," 2025 12:04:46.555135000 IST""","""172.19.0.2""","""172.19.0.3""","""TCP""","""72"""
"""Jun 13"," 2025 12:04:49.340660000 IST""","""172.19.0.2""","""172.19.0.3""","""TCP""","""72"""
"""Jun 13"," 2025 12:04:49.340674000 IST""","""172.19.0.2""","""172.19.0.3""","""TCP""","""72"""
"""Jun 13"," 2025 12:04:49.340937000 IST""","""172.19.0.3""","""172.19.0.2""","""TCP""","""72"""
"""Jun 13"," 2025 12:04:49.340944000 IST""","""172.19.0.3""","""172.19.0.2""","""TCP""","""72"""
"""Jun 13"," 2025 12:04:49.340987000 IST""","""172.19.0.2""","""172.19.0.3""","""TCP""","""72"""
"""Jun 13"," 2025 12:04:49.340988000 IST""","""172.19.0.2""","""172.19.0.3""","""TCP""","""72"""
"""Jun 13"," 2025 12:04:49.341153000 IST""","""172.19.0.3""","""172.19.0.2""","""TCP""","""80"""
"""Jun 13"," 2025 12:04:49.341154000 IST""","""172.19.0.3""","""172.19.0.2""","""TCP""","""80"""
"""Jun 13"," 2025 12:04:49.341207000 IST""","""172.19.0.2""","""172.19.0.3""","""TCP""","""80"""
"""Jun 13"," 2025 12:04:49.341208000 IST""","""172.19.0.2""","""172.19.0.3""","""TCP""","""80"""
"""Jun 13"," 2025 12:04:49.341244000 IST""","""172.19.0.3""","""172.19.0.2""","""TCP""","""72"""
"""Jun 13"," 2025 12:04:49.341244000 IST""","""172.19.0.3""","""172.19.0.2""","""TCP""","""72"""
"""Jun 13"," 2025 12:04:49.341308000 IST""","""172.19.0.3""","""172.19.0.2""","""HTTP""","""160"""
"""Jun 13"," 2025 12:04:49.341309000 IST""","""172.19.0.3""","""172.19.0.2""","""TCP""","""160"""
"""Jun 13"," 2025 12:04:49.341320000 IST""","""172.19.0.2""","""172.19.0.3""","""TCP""","""72"""
"""Jun 13"," 2025 12:04:49.341321000 IST""","""172.19.0.2""","""172.19.0.3""","""TCP""","""72"""
"""Jun 13"," 2025 12:04:50.240570000 IST""","""172.19.0.2""","""172.19.0.3""","""TCP""","""72"""
"""Jun 13"," 2025 12:04:50.240582000 IST""","""172.19.0.2""","""172.19.0.3""","""TCP""","""72"""
"""Jun 13"," 2025 12:04:50.240657000 IST""","""172.19.0.2""","""172.19.0.3""","""TCP""","""72"""
"""Jun 13"," 2025 12:04:50.240658000 IST""","""172.19.0.2""","""172.19.0.3""","""TCP""","""72"""
"""Jun 13"," 2025 12:04:50.240675000 IST""","""172.19.0.2""","""172.19.0.3""","""TCP""","""72"""
"""Jun 13"," 2025 12:04:50.240676000 IST""","""172.19.0.2""","""172.19.0.3""","""TCP""","""72"""
"""Jun 13"," 2025 12:04:50.240691000 IST""","""172.19.0.2""","""172.19.0.3""","""TCP""","""72"""
"""Jun 13"," 2025 12:04:50.240692000 IST""","""172.19.0.2""","""172.19.0.3""","""TCP""","""72"""
"""Jun 13"," 2025 12:04:50.240708000 IST""","""172.19.0.2""","""172.19.0.3""","""TCP""","""72"""
"""Jun 13"," 2025 12:04:50.240709000 IST""","""172.19.0.2""","""172.19.0.3""","""TCP""","""72"""
"""Jun 13"," 2025 12:04:50.240731000 IST""","""172.19.0.2""","""172.19.0.3""","""TCP""","""72"""
"""Jun 13"," 2025 12:04:50.240731000 IST""","""172.19.0.2""","""172.19.0.3""","""TCP""","""72"""
"""Jun 13"," 2025 12:04:50.240777000 IST""","""172.19.0.2""","""172.19.0.3""","""TCP""","""72"""
"""Jun 13"," 2025 12:04:50.240777000 IST""","""172.19.0.2""","""172.19.0.3""","""TCP""","""72"""
"""Jun 13"," 2025 12:04:50.240793000 IST""","""172.19.0.2""","""172.19.0.3""","""TCP""","""72"""
"""Jun 13"," 2025 12:04:50.240793000 IST""","""172.19.0.2""","""172.19.0.3""","""TCP""","""72"""
"""Jun 13"," 2025 12:04:50.240800000 IST""","""172.19.0.3""","""172.19.0.2""","""TCP""","""72"""
"""Jun 13"," 2025 12:04:50.240808000 IST""","""172.19.0.2""","""172.19.0.3""","""TCP""","""72"""
"""Jun 13"," 2025 12:04:50.240808000 IST""","""172.19.0.3""","""172.19.0.2""","""TCP""","""72"""
"""Jun 13"," 2025 12:04:50.240809000 IST""","""172.19.0.2""","""172.19.0.3""","""TCP""","""72"""
"""Jun 13"," 2025 12:04:50.240822000 IST""","""172.19.0.2""","""172.19.0.3""","""TCP""","""72"""
"""Jun 13"," 2025 12:04:50.240823000 IST""","""172.19.0.2""","""172.19.0.3""","""TCP""","""72"""
"""Jun 13"," 2025 12:04:50.240836000 IST""","""172.19.0.2""","""172.19.0.3""","""TCP""","""72"""
"""Jun 13"," 2025 12:04:50.240837000 IST""","""172.19.0.2""","""172.19.0.3""","""TCP""","""72"""
"""Jun 13"," 2025 12:04:50.240850000 IST""","""172.19.0.2""","""172.19.0.3""","""TCP""","""72"""
"""Jun 13"," 2025 12:04:50.240851000 IST""","""172.19.0.2""","""172.19.0.3""","""TCP""","""72"""
"""Jun 13"," 2025 12:04:50.240860000 IST""","""172.19.0.2""","""172.19.0.3""","""TCP""","""72"""
"""Jun 13"," 2025 12:04:50.240862000 IST""","""172.19.0.2""","""172.19.0.3""","""TCP""","""72"""
"""Jun 13"," 2025 12:04:50.240863000 IST""","""172.19.0.2""","""172.19.0.3""","""TCP""","""72"""
"""Jun 13"," 2025 12:04:50.240864000 IST""","""172.19.0.2""","""172.19.0.3""","""TCP""","""72"""
"""Jun 13"," 2025 12:04:50.240877000 IST""","""172.19.0.2""","""172.19.0.3""","""TCP""","""72"""
"""Jun 13"," 2025 12:04:50.240877000 IST""","""172.19.0.2""","""172.19.0.3""","""TCP""","""72"""
"""Jun 13"," 2025 12:04:50.240891000 IST""","""172.19.0.2""","""172.19.0.3""","""TCP""","""72"""
"""Jun 13"," 2025 12:04:50.240892000 IST""","""172.19.0.2""","""172.19.0.3""","""TCP""","""72"""
"""Jun 13"," 2025 12:04:50.240905000 IST""","""172.19.0.2""","""172.19.0.3""","""TCP""","""72"""
"""Jun 13"," 2025 12:04:50.240906000 IST""","""172.19.0.2""","""172.19.0.3""","""TCP""","""72"""
"""Jun 13"," 2025 12:04:50.240918000 IST""","""172.19.0.2""","""172.19.0.3""","""TCP""","""72"""
"""Jun 13"," 2025 12:04:50.240919000 IST""","""172.19.0.2""","""172.19.0.3""","""TCP""","""72"""
"""Jun 13"," 2025 12:04:50.240931000 IST""","""172.19.0.2""","""172.19.0.3""","""TCP""","""72"""
"""Jun 13"," 2025 12:04:50.240932000 IST""","""172.19.0.2""","""172.19.0.3""","""TCP""","""72"""
"""Jun 13"," 2025 12:04:50.240944000 IST""","""172.19.0.2""","""172.19.0.3""","""TCP""","""72"""
"""Jun 13"," 2025 12:04:50.240945000 IST""","""172.19.0.2""","""172.19.0.3""","""TCP""","""72"""
"""Jun 13"," 2025 12:04:50.240957000 IST""","""172.19.0.2""","""172.19.0.3""","""TCP""","""72"""
"""Jun 13"," 2025 12:04:50.240958000 IST""","""172.19.0.2""","""172.19.0.3""","""TCP""","""72"""
"""Jun 13"," 2025 12:04:50.240969000 IST""","""172.19.0.2""","""172.19.0.3""","""TCP""","""72"""
"""Jun 13"," 2025 12:04:50.240970000 IST""","""172.19.0.2""","""172.19.0.3""","""TCP""","""72"""
"""Jun 13"," 2025 12:04:50.240984000 IST""","""172.19.0.2""","""172.19.0.3""","""TCP""","""72"""
"""Jun 13"," 2025 12:04:50.240984000 IST""","""172.19.0.2""","""172.19.0.3""","""TCP""","""72"""
"""Jun 13"," 2025 12:04:50.240997000 IST""","""172.19.0.2""","""172.19.0.3""","""TCP""","""72"""
"""Jun 13"," 2025 12:04:50.240998000 IST""","""172.19.0.2""","""172.19.0.3""","""TCP""","""72"""
"""Jun 13"," 2025 12:04:50.241010000 IST""","""172.19.0.2""","""172.19.0.3""","""TCP""","""72"""
"""Jun 13"," 2025 12:04:50.241010000 IST""","""172.19.0.2""","""172.19.0.3""","""TCP""","""72"""
"""Jun 13"," 2025 12:04:50.241023000 IST""","""172.19.0.2""","""172.19.0.3""","""TCP""","""72"""
"""Jun 13"," 2025 12:04:50.241023000 IST""","""172.19.0.2""","""172.19.0.3""","""TCP""","""72"""
"""Jun 13"," 2025 12:04:50.241035000 IST""","""172.19.0.2""","""172.19.0.3""","""TCP""","""72"""
"""Jun 13"," 2025 12:04:50.241036000 IST""","""172.19.0.2""","""172.19.0.3""","""TCP""","""72"""
"""Jun 13"," 2025 12:04:50.241047000 IST""","""172.19.0.3""","""172.19.0.2""","""TCP""","""80"""
"""Jun 13"," 2025 12:04:50.241048000 IST""","""172.19.0.2""","""172.19.0.3""","""TCP""","""72"""
"""Jun 13"," 2025 12:04:50.241049000 IST""","""172.19.0.2""","""172.19.0.3""","""TCP""","""72"""
"""Jun 13"," 2025 12:04:50.241049000 IST""","""172.19.0.3""","""172.19.0.2""","""TCP""","""80"""
"""Jun 13"," 2025 12:04:50.241062000 IST""","""172.19.0.2""","""172.19.0.3""","""TCP""","""72"""
"""Jun 13"," 2025 12:04:50.241063000 IST""","""172.19.0.2""","""172.19.0.3""","""TCP""","""72"""
"""Jun 13"," 2025 12:04:50.241076000 IST""","""172.19.0.2""","""172.19.0.3""","""TCP""","""72"""
"""Jun 13"," 2025 12:04:50.241077000 IST""","""172.19.0.2""","""172.19.0.3""","""TCP""","""72"""
"""Jun 13"," 2025 12:04:50.241090000 IST""","""172.19.0.2""","""172.19.0.3""","""TCP""","""72"""
"""Jun 13"," 2025 12:04:50.241086000 IST""","""172.19.0.2""","""172.19.0.3""","""TCP""","""60"""
"""Jun 13"," 2025 12:04:50.241091000 IST""","""172.19.0.2""","""172.19.0.3""","""TCP""","""72"""
"""Jun 13"," 2025 12:04:50.241092000 IST""","""172.19.0.2""","""172.19.0.3""","""TCP""","""60"""
"""Jun 13"," 2025 12:04:50.241103000 IST""","""172.19.0.2""","""172.19.0.3""","""TCP""","""72"""
"""Jun 13"," 2025 12:04:50.241103000 IST""","""172.19.0.2""","""172.19.0.3""","""TCP""","""72"""
"""Jun 13"," 2025 12:04:50.241116000 IST""","""172.19.0.2""","""172.19.0.3""","""TCP""","""72"""
"""Jun 13"," 2025 12:04:50.241117000 IST""","""172.19.0.2""","""172.19.0.3""","""TCP""","""72"""
"""Jun 13"," 2025 12:04:50.241130000 IST""","""172.19.0.2""","""172.19.0.3""","""TCP""","""72"""
"""Jun 13"," 2025 12:04:50.241131000 IST""","""172.19.0.2""","""172.19.0.3""","""TCP""","""72"""
"""Jun 13"," 2025 12:04:50.241144000 IST""","""172.19.0.2""","""172.19.0.3""","""TCP""","""72"""
"""Jun 13"," 2025 12:04:50.241145000 IST""","""172.19.0.2""","""172.19.0.3""","""TCP""","""72"""
"""Jun 13"," 2025 12:04:50.241147000 IST""","""172.19.0.3""","""172.19.0.2""","""TCP""","""72"""
"""Jun 13"," 2025 12:04:50.241149000 IST""","""172.19.0.3""","""172.19.0.2""","""TCP""","""72"""
"""Jun 13"," 2025 12:04:50.241160000 IST""","""172.19.0.2""","""172.19.0.3""","""TCP""","""72"""
"""Jun 13"," 2025 12:04:50.241161000 IST""","""172.19.0.2""","""172.19.0.3""","""TCP""","""72"""
"""Jun 13"," 2025 12:04:50.241171000 IST""","""172.19.0.2""","""172.19.0.3""","""TCP""","""72"""
"""Jun 13"," 2025 12:04:50.241173000 IST""","""172.19.0.2""","""172.19.0.3""","""TCP""","""72"""
"""Jun 13"," 2025 12:04:50.241175000 IST""","""172.19.0.2""","""172.19.0.3""","""TCP""","""72"""
"""Jun 13"," 2025 12:04:50.241175000 IST""","""172.19.0.2""","""172.19.0.3""","""TCP""","""72"""
"""Jun 13"," 2025 12:04:50.241209000 IST""","""172.19.0.2""","""172.19.0.3""","""TCP""","""72"""
"""Jun 13"," 2025 12:04:50.241210000 IST""","""172.19.0.2""","""172.19.0.3""","""TCP""","""72"""
"""Jun 13"," 2025 12:04:50.241224000 IST""","""172.19.0.2""","""172.19.0.3""","""TCP""","""72"""
"""Jun 13"," 2025 12:04:50.241225000 IST""","""172.19.0.2""","""172.19.0.3""","""TCP""","""72"""
"""Jun 13"," 2025 12:04:50.241242000 IST""","""172.19.0.2""","""172.19.0.3""","""TCP""","""72"""
"""Jun 13"," 2025 12:04:50.241242000 IST""","""172.19.0.2""","""172.19.0.3""","""TCP""","""72"""
"""Jun 13"," 2025 12:04:50.241256000 IST""","""172.19.0.2""","""172.19.0.3""","""TCP""","""72"""
"""Jun 13"," 2025 12:04:50.241257000 IST""","""172.19.0.2""","""172.19.0.3""","""TCP""","""72"""
"""Jun 13"," 2025 12:04:50.241271000 IST""","""172.19.0.2""","""172.19.0.3""","""TCP""","""72"""
"""Jun 13"," 2025 12:04:50.241272000 IST""","""172.19.0.2""","""172.19.0.3""","""TCP""","""72"""
"""Jun 13"," 2025 12:04:50.241275000 IST""","""172.19.0.3""","""172.19.0.2""","""TCP""","""80"""
"""Jun 13"," 2025 12:04:50.241277000 IST""","""172.19.0.3""","""172.19.0.2""","""TCP""","""80"""
"""Jun 13"," 2025 12:04:50.241285000 IST""","""172.19.0.2""","""172.19.0.3""","""TCP""","""72"""
"""Jun 13"," 2025 12:04:50.241286000 IST""","""172.19.0.2""","""172.19.0.3""","""TCP""","""72"""
"""Jun 13"," 2025 12:04:50.241296000 IST""","""172.19.0.2""","""172.19.0.3""","""TCP""","""60"""
"""Jun 13"," 2025 12:04:50.241299000 IST""","""172.19.0.2""","""172.19.0.3""","""TCP""","""72"""
"""Jun 13"," 2025 12:04:50.241300000 IST""","""172.19.0.2""","""172.19.0.3""","""TCP""","""72"""
"""Jun 13"," 2025 12:04:50.241301000 IST""","""172.19.0.2""","""172.19.0.3""","""TCP""","""60"""
"""Jun 13"," 2025 12:04:50.241313000 IST""","""172.19.0.2""","""172.19.0.3""","""TCP""","""72"""
"""Jun 13"," 2025 12:04:50.241314000 IST""","""172.19.0.2""","""172.19.0.3""","""TCP""","""72"""
"""Jun 13"," 2025 12:04:50.241326000 IST""","""172.19.0.2""","""172.19.0.3""","""TCP""","""72"""
"""Jun 13"," 2025 12:04:50.241327000 IST""","""172.19.0.2""","""172.19.0.3""","""TCP""","""72"""
"""Jun 13"," 2025 12:04:50.241340000 IST""","""172.19.0.2""","""172.19.0.3""","""TCP""","""72"""
"""Jun 13"," 2025 12:04:50.241340000 IST""","""172.19.0.2""","""172.19.0.3""","""TCP""","""72"""
"""Jun 13"," 2025 12:04:50.241343000 IST""","""172.19.0.3""","""172.19.0.2""","""TCP""","""72"""
"""Jun 13"," 2025 12:04:50.241345000 IST""","""172.19.0.3""","""172.19.0.2""","""TCP""","""72"""
"""Jun 13"," 2025 12:04:50.241354000 IST""","""172.19.0.2""","""172.19.0.3""","""TCP""","""72"""
"""Jun 13"," 2025 12:04:50.241355000 IST""","""172.19.0.2""","""172.19.0.3""","""TCP""","""72"""
"""Jun 13"," 2025 12:04:50.241367000 IST""","""172.19.0.2""","""172.19.0.3""","""TCP""","""72"""
"""Jun 13"," 2025 12:04:50.241367000 IST""","""172.19.0.2""","""172.19.0.3""","""TCP""","""72"""
"""Jun 13"," 2025 12:04:50.241368000 IST""","""172.19.0.2""","""172.19.0.3""","""TCP""","""72"""
"""Jun 13"," 2025 12:04:50.241369000 IST""","""172.19.0.2""","""172.19.0.3""","""TCP""","""72"""
"""Jun 13"," 2025 12:04:50.241382000 IST""","""172.19.0.2""","""172.19.0.3""","""TCP""","""72"""
"""Jun 13"," 2025 12:04:50.241382000 IST""","""172.19.0.2""","""172.19.0.3""","""TCP""","""72"""
"""Jun 13"," 2025 12:04:50.241397000 IST""","""172.19.0.2""","""172.19.0.3""","""TCP""","""72"""
"""Jun 13"," 2025 12:04:50.241398000 IST""","""172.19.0.2""","""172.19.0.3""","""TCP""","""72"""
"""Jun 13"," 2025 12:04:50.241440000 IST""","""172.19.0.3""","""172.19.0.2""","""TCP""","""80"""
"""Jun 13"," 2025 12:04:50.241442000 IST""","""172.19.0.3""","""172.19.0.2""","""TCP""","""80"""
"""Jun 13"," 2025 12:04:50.241459000 IST""","""172.19.0.2""","""172.19.0.3""","""TCP""","""60"""
"""Jun 13"," 2025 12:04:50.241462000 IST""","""172.19.0.2""","""172.19.0.3""","""TCP""","""60"""
"""Jun 13"," 2025 12:04:50.241560000 IST""","""172.19.0.3""","""172.19.0.2""","""TCP""","""72"""
"""Jun 13"," 2025 12:04:50.241562000 IST""","""172.19.0.3""","""172.19.0.2""","""TCP""","""72"""
"""Jun 13"," 2025 12:04:50.241584000 IST""","""172.19.0.2""","""172.19.0.3""","""TCP""","""72"""
"""Jun 13"," 2025 12:04:50.241586000 IST""","""172.19.0.2""","""172.19.0.3""","""TCP""","""72"""
"""Jun 13"," 2025 12:04:50.241655000 IST""","""172.19.0.3""","""172.19.0.2""","""TCP""","""80"""
"""Jun 13"," 2025 12:04:50.241657000 IST""","""172.19.0.3""","""172.19.0.2""","""TCP""","""80"""
"""Jun 13"," 2025 12:04:50.241673000 IST""","""172.19.0.2""","""172.19.0.3""","""TCP""","""60"""
"""Jun 13"," 2025 12:04:50.241677000 IST""","""172.19.0.2""","""172.19.0.3""","""TCP""","""60"""
"""Jun 13"," 2025 12:04:50.241807000 IST""","""172.19.0.3""","""172.19.0.2""","""TCP""","""72"""
"""Jun 13"," 2025 12:04:50.241812000 IST""","""172.19.0.3""","""172.19.0.2""","""TCP""","""72"""
"""Jun 13"," 2025 12:04:50.241849000 IST""","""172.19.0.2""","""172.19.0.3""","""TCP""","""72"""
"""Jun 13"," 2025 12:04:50.241850000 IST""","""172.19.0.2""","""172.19.0.3""","""TCP""","""72"""
"""Jun 13"," 2025 12:04:50.242045000 IST""","""172.19.0.3""","""172.19.0.2""","""TCP""","""80"""
"""Jun 13"," 2025 12:04:50.242046000 IST""","""172.19.0.3""","""172.19.0.2""","""TCP""","""80"""
"""Jun 13"," 2025 12:04:50.242070000 IST""","""172.19.0.2""","""172.19.0.3""","""TCP""","""60"""
"""Jun 13"," 2025 12:04:50.242073000 IST""","""172.19.0.2""","""172.19.0.3""","""TCP""","""60"""
